{
  "id": "1966097",
  "name": "island",
  "font_family": "iconfont",
  "css_prefix_text": "icon-",
  "description": "",
  "glyphs": [
    {
      "icon_id": "4354249",
      "name": "形状-矩形",
      "font_class": "xingzhuang-juxing",
      "unicode": "eb97",
      "unicode_decimal": 60311
    },
    {
      "icon_id": "4354255",
      "name": "形状-椭圆形",
      "font_class": "xingzhuang-tuoyuanxing",
      "unicode": "eb99",
      "unicode_decimal": 60313
    },
    {
      "icon_id": "4354256",
      "name": "形状-三角形",
      "font_class": "xingzhuang-sanjiaoxing",
      "unicode": "eb9a",
      "unicode_decimal": 60314
    },
    {
      "icon_id": "5330822",
      "name": "圆形2",
      "font_class": "yuanxing",
      "unicode": "e7c4",
      "unicode_decimal": 59332
    },
    {
      "icon_id": "10746659",
      "name": "正方形",
      "font_class": "zhengfangxing",
      "unicode": "e632",
      "unicode_decimal": 58930
    },
    {
      "icon_id": "14718726",
      "name": "tx-三角形",
      "font_class": "tx-sanjiaoxing",
      "unicode": "e64e",
      "unicode_decimal": 58958
    }
  ]
}
